mean_fit_time,std_fit_time,mean_score_time,std_score_time,param_subsample,param_scale_pos_weight,param_reg_lambda,param_reg_alpha,param_n_estimators,param_min_child_weight,param_max_depth,param_learning_rate,param_gamma,param_colsample_bytree,params,split0_test_score,split1_test_score,split2_test_score,split3_test_score,split4_test_score,mean_test_score,std_test_score,rank_test_score,split0_train_score,split1_train_score,split2_train_score,split3_train_score,split4_train_score,mean_train_score,std_train_score
0.5645093441009521,0.025481344804474504,0.018319463729858397,0.0030486976457373416,0.7,1.0,5.0,0.01,100,3,8,0.3,0.1,0.6,"{'subsample': 0.7, 'scale_pos_weight': 1, 'reg_lambda': 5, 'reg_alpha': 0.01, 'n_estimators': 100, 'min_child_weight': 3, 'max_depth': 8, 'learning_rate': 0.3, 'gamma': 0.1, 'colsample_bytree': 0.6}",0.9176470588235294,0.9361702127659575,0.9425742574257425,0.9275929549902152,0.9291338582677166,0.9306236684546322,0.00840687678711167,1,0.9855649576903932,0.9860973187686196,0.9870259481037924,0.9880358923230309,0.9910358565737052,0.9875519946919082,0.001934558018199386
0.8683270454406739,0.036283380589037434,0.019730138778686523,0.003591343299105956,1.0,1.0,1.5,0.0,200,1,7,0.2,0.0,0.5,"{'subsample': 1.0, 'scale_pos_weight': 1, 'reg_lambda': 1.5, 'reg_alpha': 0, 'n_estimators': 200, 'min_child_weight': 1, 'max_depth': 7, 'learning_rate': 0.2, 'gamma': 0, 'colsample_bytree': 0.5}",0.9227722772277228,0.9364161849710982,0.9309664694280079,0.9317738791423001,0.9309664694280079,0.9305790560394274,0.004398764601437311,2,0.9964947421131698,0.9954977488744372,0.9965052421367948,0.9974987493746873,0.998001998001998,0.9967996961002175,0.0008728083401389429
0.8982343196868896,0.061746890763442114,0.018546056747436524,0.002253160218932013,0.8,1.0,2.0,1.0,200,5,8,0.2,0.3,0.6,"{'subsample': 0.8, 'scale_pos_weight': 1, 'reg_lambda': 2, 'reg_alpha': 1.0, 'n_estimators': 200, 'min_child_weight': 5, 'max_depth': 8, 'learning_rate': 0.2, 'gamma': 0.3, 'colsample_bytree': 0.6}",0.923679060665362,0.9384615384615385,0.9325396825396826,0.92578125,0.9291338582677166,0.9299190779868599,0.0052252694822848495,3,0.9826130153999006,0.9820538384845464,0.981094527363184,0.9831181727904668,0.9866137828458106,0.9830986673767816,0.0018815163923054466
2.991142749786377,0.029841496449762066,0.018341064453125,0.0020564750556407857,0.6,1.0,2.0,0.0,700,5,7,0.05,0.1,0.6,"{'subsample': 0.6, 'scale_pos_weight': 1, 'reg_lambda': 2, 'reg_alpha': 0, 'n_estimators': 700, 'min_child_weight': 5, 'max_depth': 7, 'learning_rate': 0.05, 'gamma': 0.1, 'colsample_bytree': 0.6}",0.91796875,0.9272030651340997,0.9362549800796812,0.931237721021611,0.9349112426035503,0.9295151517677883,0.0065753397661363405,4,0.9831013916500994,0.982089552238806,0.9835902536051716,0.9846000993541977,0.9851042701092354,0.983697113391502,0.0010720102559079675
0.8322382926940918,0.03802039906744275,0.018082141876220703,0.005115328231474588,1.0,1.0,1.0,0.1,300,5,4,0.1,0.3,1.0,"{'subsample': 1.0, 'scale_pos_weight': 1, 'reg_lambda': 1, 'reg_alpha': 0.1, 'n_estimators': 300, 'min_child_weight': 5, 'max_depth': 4, 'learning_rate': 0.1, 'gamma': 0.3, 'colsample_bytree': 1.0}",0.9242718446601942,0.9371428571428572,0.9333333333333333,0.9245647969052224,0.9273084479371316,0.9293242559957477,0.005088143438691939,5,0.9689502217841302,0.9733727810650887,0.9708929452392698,0.972972972972973,0.9758024691358025,0.9723982780394529,0.0023248039148810046
2.2160833835601808,0.06534279778792852,0.020228004455566405,0.005247798502724276,0.7,1.0,5.0,0.01,700,1,4,0.1,0.3,1.0,"{'subsample': 0.7, 'scale_pos_weight': 1, 'reg_lambda': 5, 'reg_alpha': 0.01, 'n_estimators': 700, 'min_child_weight': 1, 'max_depth': 4, 'learning_rate': 0.1, 'gamma': 0.3, 'colsample_bytree': 1.0}",0.9306930693069307,0.9343629343629344,0.9224652087475149,0.931237721021611,0.9264413518886679,0.9290400570655318,0.004144323782197923,6,0.994994994994995,0.9944917376064096,0.9955022488755623,0.995004995004995,0.9965087281795512,0.9953005409323026,0.000683413645417905
1.8430888652801514,0.03654678813665944,0.01464066505432129,0.0007707488297135081,0.9,1.0,2.0,0.01,700,1,5,0.3,0.1,0.6,"{'subsample': 0.9, 'scale_pos_weight': 1, 'reg_lambda': 2, 'reg_alpha': 0.01, 'n_estimators': 700, 'min_child_weight': 1, 'max_depth': 5, 'learning_rate': 0.3, 'gamma': 0.1, 'colsample_bytree': 0.6}",0.9188118811881189,0.9361702127659575,0.9309664694280079,0.9375,0.9212598425196851,0.9289416811803537,0.007631772408056285,7,0.9964982491245623,0.9955022488755623,0.9964982491245623,0.9974962443665498,0.998,0.9967989982982474,0.0008707486851617496
1.172417974472046,0.0420587586481534,0.015218830108642578,0.0007488250884242161,0.8,1.0,1.0,0.0,300,7,7,0.1,0.5,0.8,"{'subsample': 0.8, 'scale_pos_weight': 1, 'reg_lambda': 1, 'reg_alpha': 0, 'n_estimators': 300, 'min_child_weight': 7, 'max_depth': 7, 'learning_rate': 0.1, 'gamma': 0.5, 'colsample_bytree': 0.8}",0.9260700389105059,0.9366602687140115,0.9270216962524654,0.9296875,0.9224652087475149,0.9283809425248994,0.004742110640853703,8,0.979692917285785,0.9811320754716981,0.9825783972125436,0.9801192842942346,0.9831181727904668,0.9813281694109456,0.001337242478075163
0.44192280769348147,0.059882671203622895,0.017289018630981444,0.002016573881148077,0.9,1.0,1.0,0.1,100,1,4,0.3,0.5,1.0,"{'subsample': 0.9, 'scale_pos_weight': 1, 'reg_lambda': 1, 'reg_alpha': 0.1, 'n_estimators': 100, 'min_child_weight': 1, 'max_depth': 4, 'learning_rate': 0.3, 'gamma': 0.5, 'colsample_bytree': 1.0}",0.9233791748526523,0.9361702127659575,0.931237721021611,0.9263565891472868,0.9230769230769231,0.9280441241728861,0.00501028921331573,9,0.9910179640718563,0.9905047476261869,0.9885401096163428,0.9915211970074813,0.9920239282153539,0.9907215893074441,0.0012024284646841106
4.0210826873779295,0.05681731694201642,0.021140384674072265,0.0019278105628108186,0.7,1.0,1.5,0.0,1000,3,7,0.05,0.1,0.7,"{'subsample': 0.7, 'scale_pos_weight': 1, 'reg_lambda': 1.5, 'reg_alpha': 0, 'n_estimators': 1000, 'min_child_weight': 3, 'max_depth': 7, 'learning_rate': 0.05, 'gamma': 0.1, 'colsample_bytree': 0.7}",0.9227722772277228,0.933852140077821,0.9264413518886679,0.9294117647058824,0.9267326732673268,0.9278420414334843,0.0036737026253530164,10,0.9959919839679359,0.995,0.9954977488744372,0.996,0.9975012493753124,0.9959981964435372,0.0008373832901002224
1.678067684173584,0.06540524098540214,0.014675235748291016,0.0009113531970273482,1.0,1.0,5.0,0.1,700,7,7,0.3,0.1,0.8,"{'subsample': 1.0, 'scale_pos_weight': 1, 'reg_lambda': 5, 'reg_alpha': 0.1, 'n_estimators': 700, 'min_child_weight': 7, 'max_depth': 7, 'learning_rate': 0.3, 'gamma': 0.1, 'colsample_bytree': 0.8}",0.9176470588235294,0.9341085271317829,0.9372549019607843,0.9209486166007905,0.9282868525896414,0.9276491914213058,0.007474485453639229,11,0.9860696517412936,0.9840319361277445,0.9875187219171243,0.98456943753111,0.9880478087649402,0.9860475112164426,0.0015756513680773138
0.655449104309082,0.019341846795247152,0.015252494812011718,0.0007088555664052958,0.9,1.0,1.5,0.1,200,3,7,0.2,0.5,0.6,"{'subsample': 0.9, 'scale_pos_weight': 1, 'reg_lambda': 1.5, 'reg_alpha': 0.1, 'n_estimators': 200, 'min_child_weight': 3, 'max_depth': 7, 'learning_rate': 0.2, 'gamma': 0.5, 'colsample_bytree': 0.6}",0.9148514851485149,0.9366602687140115,0.9330708661417323,0.9275929549902152,0.9251968503937008,0.9274744850776349,0.0074865196735615785,12,0.9890329012961117,0.9865202196704943,0.9875435974090683,0.9910179640718563,0.991044776119403,0.9890318917133868,0.0018176745831766316
1.4078601360321046,0.01477162506531494,0.017911624908447266,0.003971480876679653,0.6,1.0,1.5,1.0,300,3,8,0.1,0.0,1.0,"{'subsample': 0.6, 'scale_pos_weight': 1, 'reg_lambda': 1.5, 'reg_alpha': 1.0, 'n_estimators': 300, 'min_child_weight': 3, 'max_depth': 8, 'learning_rate': 0.1, 'gamma': 0, 'colsample_bytree': 1.0}",0.9194499017681729,0.9323017408123792,0.9270216962524654,0.9296875,0.9285714285714286,0.9274064534808891,0.004335410742333978,13,0.9875311720698254,0.9865336658354115,0.9885401096163428,0.9880358923230309,0.9915211970074813,0.9884324073704184,0.0016808860676681499
2.169746160507202,0.10384554432533882,0.01566004753112793,0.0006599045546800829,0.7,1.0,1.5,0.0,500,1,7,0.05,0.0,0.8,"{'subsample': 0.7, 'scale_pos_weight': 1, 'reg_lambda': 1.5, 'reg_alpha': 0, 'n_estimators': 500, 'min_child_weight': 1, 'max_depth': 7, 'learning_rate': 0.05, 'gamma': 0, 'colsample_bytree': 0.8}",0.9230769230769231,0.9343629343629344,0.9246031746031746,0.9260700389105059,0.9285714285714286,0.9273368999049934,0.003952589394644425,14,0.9964947421131698,0.9954932398597897,0.9964982491245623,0.9964982491245623,0.9975012493753124,0.9964971459194792,0.0006349896596174119
1.7037292003631592,0.09769143466852884,0.01669588088989258,0.002429917096861007,0.9,1.0,1.5,1.0,500,3,4,0.3,0.0,0.8,"{'subsample': 0.9, 'scale_pos_weight': 1, 'reg_lambda': 1.5, 'reg_alpha': 1.0, 'n_estimators': 500, 'min_child_weight': 3, 'max_depth': 4, 'learning_rate': 0.3, 'gamma': 0, 'colsample_bytree': 0.8}",0.9191321499013807,0.9418604651162791,0.9221556886227545,0.9294117647058824,0.9224652087475149,0.9270050554187623,0.008155791246470959,15,0.9954887218045113,0.994994994994995,0.9959919839679359,0.995995995995996,0.9975037443834248,0.9959950882293725,0.0008405530661788816
3.859873390197754,0.06131524075188102,0.016593742370605468,0.0011108570556859511,0.8,1.0,2.0,0.0,1000,1,8,0.3,0.0,1.0,"{'subsample': 0.8, 'scale_pos_weight': 1, 'reg_lambda': 2, 'reg_alpha': 0, 'n_estimators': 1000, 'min_child_weight': 1, 'max_depth': 8, 'learning_rate': 0.3, 'gamma': 0, 'colsample_bytree': 1.0}",0.9291338582677166,0.9341085271317829,0.9304174950298211,0.9215686274509803,0.9181636726546906,0.9266784361069982,0.00589622342524677,16,0.9964912280701754,0.9954977488744372,0.9964947421131698,0.9975012493753124,0.998,0.996796993686619,0.0008736230277327241
2.9752432823181154,0.03218469873336646,0.01885852813720703,0.0028085461924688706,0.9,0.30689102564102566,1.0,0.01,1000,1,4,0.05,0.1,0.8,"{'subsample': 0.9, 'scale_pos_weight': np.float64(0.30689102564102566), 'reg_lambda': 1, 'reg_alpha': 0.01, 'n_estimators': 1000, 'min_child_weight': 1, 'max_depth': 4, 'learning_rate': 0.05, 'gamma': 0.1, 'colsample_bytree': 0.8}",0.9233870967741935,0.9333333333333333,0.9102040816326531,0.9386138613861386,0.927710843373494,0.9266498432999626,0.009695783420208087,17,0.9903894790085989,0.9908998988877654,0.9908998988877654,0.9924357034795764,0.9949698189134809,0.9919189598354373,0.0016727849316421708
1.7183932304382323,0.035298777911807994,0.020438528060913085,0.009905083692337509,0.8,1.0,1.0,1.0,700,7,7,0.1,1.0,0.8,"{'subsample': 0.8, 'scale_pos_weight': 1, 'reg_lambda': 1, 'reg_alpha': 1.0, 'n_estimators': 700, 'min_child_weight': 7, 'max_depth': 7, 'learning_rate': 0.1, 'gamma': 1.0, 'colsample_bytree': 0.8}",0.9206963249516441,0.9297912713472486,0.932806324110672,0.9278752436647173,0.9215686274509803,0.9265475583050525,0.004700707528226866,18,0.9664694280078896,0.967011324470704,0.9650762420068864,0.9680589680589681,0.96751968503937,0.9668271295167636,0.0010222078622966174
1.8906633853912354,0.09620493736271393,0.014669179916381836,0.00047680208554029454,0.7,1.0,5.0,0.01,500,7,7,0.2,0.0,0.7,"{'subsample': 0.7, 'scale_pos_weight': 1, 'reg_lambda': 5, 'reg_alpha': 0.01, 'n_estimators': 500, 'min_child_weight': 7, 'max_depth': 7, 'learning_rate': 0.2, 'gamma': 0, 'colsample_bytree': 0.7}",0.9151873767258383,0.9343629343629344,0.9203187250996016,0.9278752436647173,0.9346534653465347,0.9264795490399254,0.007699058937543772,19,0.99,0.9865067466266867,0.989,0.9880358923230309,0.9915380786460926,0.989016143519162,0.001708002116159419
0.37799859046936035,0.01461342745849529,0.015575408935546875,0.0005037503950045196,0.7,1.0,1.0,0.0,100,1,4,0.3,0.1,0.6,"{'subsample': 0.7, 'scale_pos_weight': 1, 'reg_lambda': 1, 'reg_alpha': 0, 'n_estimators': 100, 'min_child_weight': 1, 'max_depth': 4, 'learning_rate': 0.3, 'gamma': 0.1, 'colsample_bytree': 0.6}",0.9291338582677166,0.9343629343629344,0.9251968503937008,0.9275929549902152,0.9151873767258383,0.9262947949480811,0.00631538748539957,20,0.991495747873937,0.9884827240861291,0.9885172241637543,0.9915127309036446,0.9935226706527155,0.9907062195360361,0.0019463733059566378
1.853994035720825,0.029226602036247426,0.019399261474609374,0.0047423198350507985,0.6,1.0,2.0,1.0,500,5,5,0.2,0.3,1.0,"{'subsample': 0.6, 'scale_pos_weight': 1, 'reg_lambda': 2, 'reg_alpha': 1.0, 'n_estimators': 500, 'min_child_weight': 5, 'max_depth': 5, 'learning_rate': 0.2, 'gamma': 0.3, 'colsample_bytree': 1.0}",0.91015625,0.9302325581395349,0.9258517034068137,0.931237721021611,0.9330708661417323,0.9261098197419383,0.008322638066893429,21,0.9870388833499502,0.9865202196704943,0.9875062468765617,0.9900199600798403,0.9885515181682429,0.987927365629018,0.0012422012268799771
1.263995313644409,0.046132281293408225,0.014969730377197265,0.000307939782821925,0.8,1.0,5.0,0.0,300,7,7,0.3,0.0,0.7,"{'subsample': 0.8, 'scale_pos_weight': 1, 'reg_lambda': 5, 'reg_alpha': 0, 'n_estimators': 300, 'min_child_weight': 7, 'max_depth': 7, 'learning_rate': 0.3, 'gamma': 0, 'colsample_bytree': 0.7}",0.916504854368932,0.9260700389105059,0.9282868525896414,0.9296875,0.9285714285714286,0.9258241348881017,0.00480515658914395,22,0.9885286783042394,0.9904857285928893,0.9900299102691924,0.991504247876062,0.9940179461615155,0.9909133022407797,0.0018241525449905268
1.9736197471618653,0.08399902840296773,0.017552995681762697,0.001467604007818851,1.0,1.0,5.0,0.01,700,5,8,0.05,0.3,0.8,"{'subsample': 1.0, 'scale_pos_weight': 1, 'reg_lambda': 5, 'reg_alpha': 0.01, 'n_estimators': 700, 'min_child_weight': 5, 'max_depth': 8, 'learning_rate': 0.05, 'gamma': 0.3, 'colsample_bytree': 0.8}",0.916504854368932,0.9257142857142857,0.9333333333333333,0.9260700389105059,0.9273084479371316,0.9257861920528377,0.00539454489735415,23,0.9772277227722772,0.9762376237623762,0.9751984126984127,0.974764967837704,0.9811507936507936,0.9769159041443128,0.0022833260006926153
0.47343010902404786,0.03255756711491967,0.01768803596496582,0.003093816994377953,0.7,1.0,1.5,0.1,100,5,5,0.2,0.0,0.6,"{'subsample': 0.7, 'scale_pos_weight': 1, 'reg_lambda': 1.5, 'reg_alpha': 0.1, 'n_estimators': 100, 'min_child_weight': 5, 'max_depth': 5, 'learning_rate': 0.2, 'gamma': 0, 'colsample_bytree': 0.6}",0.9245647969052224,0.9346153846153846,0.9291338582677166,0.918918918918919,0.9209486166007905,0.9256363150616066,0.0056763117864857,24,0.9718240237271379,0.9713155291790306,0.9732673267326732,0.97534516765286,0.9748644652538196,0.9733233025091043,0.0015965741551076953
0.6880452156066894,0.015069744079026436,0.01730208396911621,0.0023159702121455525,0.8,1.0,1.0,1.0,200,3,4,0.1,0.5,0.7,"{'subsample': 0.8, 'scale_pos_weight': 1, 'reg_lambda': 1, 'reg_alpha': 1.0, 'n_estimators': 200, 'min_child_weight': 3, 'max_depth': 4, 'learning_rate': 0.1, 'gamma': 0.5, 'colsample_bytree': 0.7}",0.91796875,0.9272030651340997,0.9309664694280079,0.928709055876686,0.921875,0.9253444680877587,0.0047501612427768404,25,0.9709216362740266,0.9713438735177866,0.9688888888888889,0.9729463846532218,0.9714566929133859,0.971111495249462,0.001305067482961046
0.9144906044006348,0.021402006833645962,0.017613840103149415,0.002433641785540296,0.6,1.0,1.0,1.0,200,3,7,0.05,0.0,0.8,"{'subsample': 0.6, 'scale_pos_weight': 1, 'reg_lambda': 1, 'reg_alpha': 1.0, 'n_estimators': 200, 'min_child_weight': 3, 'max_depth': 7, 'learning_rate': 0.05, 'gamma': 0, 'colsample_bytree': 0.8}",0.920388349514563,0.9257142857142857,0.93359375,0.9186046511627907,0.9275929549902152,0.9251787982763708,0.005349656466665392,26,0.9713721618953604,0.9699950811608461,0.9679960610536681,0.9714285714285714,0.97002457002457,0.9701632891126032,0.0012495380829608722
0.7014714241027832,0.03508380588789177,0.016228151321411134,0.0018908153616271949,1.0,1.0,5.0,0.01,300,7,4,0.3,1.0,0.6,"{'subsample': 1.0, 'scale_pos_weight': 1, 'reg_lambda': 5, 'reg_alpha': 0.01, 'n_estimators': 300, 'min_child_weight': 7, 'max_depth': 4, 'learning_rate': 0.3, 'gamma': 1.0, 'colsample_bytree': 0.6}",0.9210019267822736,0.9315589353612167,0.9320388349514563,0.9233716475095786,0.9168278529980658,0.9249598395205181,0.005966185953094097,27,0.9427740058195926,0.9462469733656175,0.9430102289332684,0.9471130519165454,0.9457889641819942,0.9449866448434037,0.0017638448143312796
1.7471230030059814,0.046714822863027784,0.01877250671386719,0.003720999577047338,0.6,1.0,1.5,0.0,500,5,4,0.1,0.0,1.0,"{'subsample': 0.6, 'scale_pos_weight': 1, 'reg_lambda': 1.5, 'reg_alpha': 0, 'n_estimators': 500, 'min_child_weight': 5, 'max_depth': 4, 'learning_rate': 0.1, 'gamma': 0, 'colsample_bytree': 1.0}",0.9133858267716536,0.9284332688588007,0.9264413518886679,0.923679060665362,0.931237721021611,0.924635445841219,0.0061439953726811145,28,0.9850746268656716,0.9835411471321696,0.9860696517412936,0.9880478087649402,0.989557434112382,0.9864581337232913,0.0021310349545730456
2.017697811126709,0.01743434962117543,0.01586122512817383,0.0011873847532507665,0.7,1.0,2.0,0.01,700,1,4,0.01,0.1,0.7,"{'subsample': 0.7, 'scale_pos_weight': 1, 'reg_lambda': 2, 'reg_alpha': 0.01, 'n_estimators': 700, 'min_child_weight': 1, 'max_depth': 4, 'learning_rate': 0.01, 'gamma': 0.1, 'colsample_bytree': 0.7}",0.9210019267822736,0.9369024856596558,0.9210019267822736,0.9180952380952381,0.9242718446601942,0.9242546843959272,0.006619166325133127,29,0.953861097620204,0.9497584541062802,0.9520116335433835,0.9501693275278181,0.9535783365570599,0.9518757698709491,0.0016884128670351245
0.5664371967315673,0.0149785570800746,0.01654667854309082,0.0030011900931824933,0.9,1.0,2.0,0.1,200,7,5,0.2,1.0,0.7,"{'subsample': 0.9, 'scale_pos_weight': 1, 'reg_lambda': 2, 'reg_alpha': 0.1, 'n_estimators': 200, 'min_child_weight': 7, 'max_depth': 5, 'learning_rate': 0.2, 'gamma': 1.0, 'colsample_bytree': 0.7}",0.9206963249516441,0.9315589353612167,0.9254901960784314,0.9221789883268483,0.9212598425196851,0.9242368574475652,0.004020360587079204,30,0.9690113133300541,0.9709216362740266,0.9650762420068864,0.9705014749262537,0.9642682329907,0.9679557799055841,0.0027669751970762044
0.38172597885131837,0.022038076308094925,0.019050025939941408,0.0031580951108350036,0.9,1.0,2.0,1.0,100,7,3,0.2,0.0,0.6,"{'subsample': 0.9, 'scale_pos_weight': 1, 'reg_lambda': 2, 'reg_alpha': 1.0, 'n_estimators': 100, 'min_child_weight': 7, 'max_depth': 3, 'learning_rate': 0.2, 'gamma': 0, 'colsample_bytree': 0.6}",0.9136276391554703,0.9242424242424242,0.9305019305019305,0.9245647969052224,0.921875,0.9229623581610096,0.005465726975772084,31,0.9527520701412567,0.9508993680116675,0.950803701899659,0.9589442815249267,0.9462469733656175,0.9519292789886254,0.004111045693302235
1.3335488319396973,0.053246735772992895,0.019097614288330077,0.005812861436970115,0.7,1.0,1.5,0.1,500,3,4,0.2,1.0,1.0,"{'subsample': 0.7, 'scale_pos_weight': 1, 'reg_lambda': 1.5, 'reg_alpha': 0.1, 'n_estimators': 500, 'min_child_weight': 3, 'max_depth': 4, 'learning_rate': 0.2, 'gamma': 1.0, 'colsample_bytree': 1.0}",0.9215686274509803,0.9325626204238922,0.9212598425196851,0.923679060665362,0.9148514851485149,0.9227843272416869,0.005712224238955361,32,0.9875435974090683,0.9870517928286853,0.9890329012961117,0.9900398406374502,0.989557434112382,0.9886451132567394,0.0011558529770477038
1.7531295776367188,0.057703861087434125,0.01797904968261719,0.001779630063817763,0.6,1.0,5.0,0.01,500,7,4,0.05,1.0,0.8,"{'subsample': 0.6, 'scale_pos_weight': 1, 'reg_lambda': 5, 'reg_alpha': 0.01, 'n_estimators': 500, 'min_child_weight': 7, 'max_depth': 4, 'learning_rate': 0.05, 'gamma': 1.0, 'colsample_bytree': 0.8}",0.918918918918919,0.9222011385199241,0.9317738791423001,0.9200779727095516,0.9176470588235294,0.9221237936228448,0.005052284479449651,33,0.95968534906588,0.9589442815249267,0.9549902152641878,0.9593336599706026,0.9562256809338522,0.9578358373518899,0.0018752590977579205
2.490817594528198,0.02653599924642519,0.013803720474243164,0.0005203128558848033,0.6,1.0,1.0,0.01,700,5,7,0.01,0.1,0.7,"{'subsample': 0.6, 'scale_pos_weight': 1, 'reg_lambda': 1, 'reg_alpha': 0.01, 'n_estimators': 700, 'min_child_weight': 5, 'max_depth': 7, 'learning_rate': 0.01, 'gamma': 0.1, 'colsample_bytree': 0.7}",0.9192307692307692,0.9277566539923955,0.9245647969052224,0.9174664107485605,0.920388349514563,0.9218813960783022,0.003754101803180686,34,0.9578844270323212,0.9585568015602145,0.9560975609756097,0.9560975609756097,0.953861097620204,0.9564994896327919,0.001639194294179101
1.3448057651519776,0.05268383626634171,0.016184186935424803,0.0003539327010837131,0.6,0.30689102564102566,1.0,1.0,300,1,8,0.1,0.0,0.5,"{'subsample': 0.6, 'scale_pos_weight': np.float64(0.30689102564102566), 'reg_lambda': 1, 'reg_alpha': 1.0, 'n_estimators': 300, 'min_child_weight': 1, 'max_depth': 8, 'learning_rate': 0.1, 'gamma': 0, 'colsample_bytree': 0.5}",0.9098196392785571,0.931237721021611,0.9146341463414634,0.9221556886227545,0.9271255060728745,0.9209945402674521,0.007863749515059713,35,0.982706002034588,0.9863013698630136,0.9842559674961909,0.9873417721518988,0.9863429438543247,0.9853896110800031,0.0016755885886081754
2.2410740852355957,0.03605325259122665,0.019631290435791017,0.004259233083759828,0.9,1.0,5.0,1.0,1000,7,4,0.05,1.0,1.0,"{'subsample': 0.9, 'scale_pos_weight': 1, 'reg_lambda': 5, 'reg_alpha': 1.0, 'n_estimators': 1000, 'min_child_weight': 7, 'max_depth': 4, 'learning_rate': 0.05, 'gamma': 1.0, 'colsample_bytree': 1.0}",0.915057915057915,0.9277566539923955,0.9278752436647173,0.915057915057915,0.91796875,0.9207432955545884,0.005871917680641063,36,0.9534997552618698,0.955078125,0.9487554904831625,0.9545676599902296,0.9514563106796117,0.9526714682829749,0.002318839752691211
0.5108590126037598,0.05576457610057052,0.017708301544189453,0.0023289707358069745,0.6,1.0,5.0,1.0,100,7,8,0.3,1.0,1.0,"{'subsample': 0.6, 'scale_pos_weight': 1, 'reg_lambda': 5, 'reg_alpha': 1.0, 'n_estimators': 100, 'min_child_weight': 7, 'max_depth': 8, 'learning_rate': 0.3, 'gamma': 1.0, 'colsample_bytree': 1.0}",0.9168278529980658,0.9272030651340997,0.92578125,0.9097888675623801,0.9239766081871345,0.920715528776336,0.006525185770140745,37,0.9566502463054187,0.9551503203548546,0.9515418502202643,0.9587020648967551,0.9575816674792784,0.9559252298513142,0.0024817231538289547
2.1120215892791747,0.030614132183983983,0.016175222396850587,0.0011622857206194403,1.0,1.0,1.0,1.0,1000,3,7,0.05,1.0,0.8,"{'subsample': 1.0, 'scale_pos_weight': 1, 'reg_lambda': 1, 'reg_alpha': 1.0, 'n_estimators': 1000, 'min_child_weight': 3, 'max_depth': 7, 'learning_rate': 0.05, 'gamma': 1.0, 'colsample_bytree': 0.8}",0.9210019267822736,0.9283018867924528,0.9206963249516441,0.916030534351145,0.9168278529980658,0.9205717051751161,0.0043495974556979075,38,0.955078125,0.9555880917520742,0.9546562652364701,0.9547885269810403,0.9558037882467217,0.9551829594432613,0.000445765545116534
0.3655442714691162,0.025864164788651608,0.016377925872802734,0.0018155552099492992,0.7,1.0,1.5,0.0,100,3,3,0.3,1.0,0.8,"{'subsample': 0.7, 'scale_pos_weight': 1, 'reg_lambda': 1.5, 'reg_alpha': 0, 'n_estimators': 100, 'min_child_weight': 3, 'max_depth': 3, 'learning_rate': 0.3, 'gamma': 1.0, 'colsample_bytree': 0.8}",0.9087301587301587,0.9227799227799228,0.9281553398058252,0.9197651663405088,0.9230769230769231,0.9205015021466677,0.006473205399361264,39,0.9699062654168722,0.9703849950641659,0.9709216362740266,0.9719350073855244,0.9675834970530451,0.9701462802387268,0.001447975920143253
0.8917764186859131,0.03186936443278584,0.018127298355102538,0.00479709981921069,0.6,1.0,1.0,0.1,200,7,7,0.3,0.3,0.6,"{'subsample': 0.6, 'scale_pos_weight': 1, 'reg_lambda': 1, 'reg_alpha': 0.1, 'n_estimators': 200, 'min_child_weight': 7, 'max_depth': 7, 'learning_rate': 0.3, 'gamma': 0.3, 'colsample_bytree': 0.6}",0.9115913555992141,0.9245647969052224,0.9215291750503019,0.9176470588235294,0.9270216962524654,0.9204708165261467,0.005433475079810636,40,0.9801390268123138,0.9781312127236581,0.979632389468455,0.9811133200795229,0.9826302729528535,0.9803292444073607,0.001500842420026346
2.1202706336975097,0.07695040595644506,0.02015852928161621,0.004851264315126961,0.8,1.0,1.0,0.0,500,7,6,0.01,1.0,0.8,"{'subsample': 0.8, 'scale_pos_weight': 1, 'reg_lambda': 1, 'reg_alpha': 0, 'n_estimators': 500, 'min_child_weight': 7, 'max_depth': 6, 'learning_rate': 0.01, 'gamma': 1.0, 'colsample_bytree': 0.8}",0.9230769230769231,0.9297912713472486,0.9227799227799228,0.9070208728652751,0.9192307692307692,0.920379951860028,0.007501893906942138,41,0.9414043583535109,0.9477250726040658,0.9414610546686019,0.9448742746615088,0.9405560882070949,0.9432041696989565,0.0027025143899394974
1.2490170478820801,0.026849689168388084,0.016571855545043944,0.0006979094856623783,1.0,0.30689102564102566,1.0,0.01,500,1,4,0.05,0.1,1.0,"{'subsample': 1.0, 'scale_pos_weight': np.float64(0.30689102564102566), 'reg_lambda': 1, 'reg_alpha': 0.01, 'n_estimators': 500, 'min_child_weight': 1, 'max_depth': 4, 'learning_rate': 0.05, 'gamma': 0.1, 'colsample_bytree': 1.0}",0.9135802469135802,0.9291338582677166,0.9146341463414634,0.9309664694280079,0.9135802469135802,0.9203789935728697,0.007927061029092762,42,0.9796747967479674,0.9806910569105691,0.975485188968335,0.9807302231237323,0.9806910569105691,0.9794544645322347,0.002024330812468663
2.097091245651245,0.028571715624087203,0.016944026947021483,0.0016438455214267133,0.9,0.30689102564102566,5.0,0.01,1000,1,5,0.1,0.5,1.0,"{'subsample': 0.9, 'scale_pos_weight': np.float64(0.30689102564102566), 'reg_lambda': 5, 'reg_alpha': 0.01, 'n_estimators': 1000, 'min_child_weight': 1, 'max_depth': 5, 'learning_rate': 0.1, 'gamma': 0.5, 'colsample_bytree': 1.0}",0.9038854805725971,0.937007874015748,0.9072164948453608,0.9261477045908184,0.926530612244898,0.9201576332538846,0.012591127398020553,43,0.9734422880490297,0.9755600814663951,0.9729453802960695,0.971895758814512,0.9729453802960695,0.973357777784415,0.0012111916724971247
3.4026974201202393,0.03178546974754612,0.016344499588012696,0.0008073320814621764,0.9,0.30689102564102566,2.0,0.0,1000,5,7,0.3,0.0,0.5,"{'subsample': 0.9, 'scale_pos_weight': np.float64(0.30689102564102566), 'reg_lambda': 2, 'reg_alpha': 0, 'n_estimators': 1000, 'min_child_weight': 5, 'max_depth': 7, 'learning_rate': 0.3, 'gamma': 0, 'colsample_bytree': 0.5}",0.9090909090909091,0.9325396825396826,0.8993839835728953,0.9330708661417323,0.9224489795918367,0.9193068841874112,0.01323416057836306,44,0.9908998988877654,0.9903894790085989,0.9914098029307731,0.9898887765419616,0.9934508816120907,0.991207767796238,0.0012309748592147268
2.5118520736694334,0.09363031387078975,0.026959991455078124,0.012116400726905036,0.6,0.30689102564102566,2.0,0.01,700,3,4,0.3,0.0,0.8,"{'subsample': 0.6, 'scale_pos_weight': np.float64(0.30689102564102566), 'reg_lambda': 2, 'reg_alpha': 0.01, 'n_estimators': 700, 'min_child_weight': 3, 'max_depth': 4, 'learning_rate': 0.3, 'gamma': 0, 'colsample_bytree': 0.8}",0.9134808853118712,0.9304174950298211,0.9072164948453608,0.9218436873747495,0.9205702647657841,0.9187057654655174,0.007871343378860784,45,0.9914098029307731,0.9898785425101214,0.9888551165146909,0.9898887765419616,0.9924357034795764,0.9904935883954247,0.0012680637994948475
0.35084238052368166,0.008970568116261096,0.01429286003112793,0.0006796283185537039,1.0,1.0,2.0,0.0,100,7,3,0.1,0.3,1.0,"{'subsample': 1.0, 'scale_pos_weight': 1, 'reg_lambda': 2, 'reg_alpha': 0, 'n_estimators': 100, 'min_child_weight': 7, 'max_depth': 3, 'learning_rate': 0.1, 'gamma': 0.3, 'colsample_bytree': 1.0}",0.9153846153846154,0.9245283018867925,0.9230769230769231,0.9166666666666666,0.9118773946360154,0.9183067803302025,0.004775512820762997,46,0.9357622243528284,0.9371099375900144,0.9355149181905679,0.94174289841117,0.9344811095169775,0.9369222176123116,0.0025518341212587862
1.9277587890625,0.04069635130370905,0.01487417221069336,0.0009076058570036461,1.0,0.30689102564102566,1.0,1.0,1000,1,6,0.2,0.1,0.5,"{'subsample': 1.0, 'scale_pos_weight': np.float64(0.30689102564102566), 'reg_lambda': 1, 'reg_alpha': 1.0, 'n_estimators': 1000, 'min_child_weight': 1, 'max_depth': 6, 'learning_rate': 0.2, 'gamma': 0.1, 'colsample_bytree': 0.5}",0.9075975359342916,0.9386138613861386,0.9012345679012346,0.924,0.9195876288659793,0.9182067188175289,0.01305778813897738,47,0.9678078691875319,0.9689567430025445,0.9703476482617587,0.9673135852911133,0.9693564862104188,0.9687564663906734,0.0010875418864113554
2.003977584838867,0.03807623030126311,0.01571688652038574,0.0013585379146566529,0.7,0.30689102564102566,1.0,0.0,500,3,6,0.05,0.3,1.0,"{'subsample': 0.7, 'scale_pos_weight': np.float64(0.30689102564102566), 'reg_lambda': 1, 'reg_alpha': 0, 'n_estimators': 500, 'min_child_weight': 3, 'max_depth': 6, 'learning_rate': 0.05, 'gamma': 0.3, 'colsample_bytree': 1.0}",0.9057377049180327,0.932806324110672,0.9053497942386831,0.9196787148594378,0.9227642276422764,0.9172673531538204,0.010511431032469397,48,0.9806122448979592,0.981651376146789,0.9790495656617272,0.9796126401630989,0.9853015712113533,0.9812454796161856,0.0022138572675425567
1.6933981895446777,0.042356810667384205,0.019217729568481445,0.0046349141525565685,0.6,0.30689102564102566,5.0,0.0,500,1,4,0.3,0.1,0.7,"{'subsample': 0.6, 'scale_pos_weight': np.float64(0.30689102564102566), 'reg_lambda': 5, 'reg_alpha': 0, 'n_estimators': 500, 'min_child_weight': 1, 'max_depth': 4, 'learning_rate': 0.3, 'gamma': 0.1, 'colsample_bytree': 0.7}",0.9146341463414634,0.931237721021611,0.9020408163265307,0.92,0.9164969450101833,0.9168819257399576,0.009394365292746306,49,0.9914098029307731,0.9919191919191919,0.9914098029307731,0.9924357034795764,0.9939577039274925,0.9922264410375613,0.0009454374203877443
2.982468843460083,0.05696324724729226,0.017013931274414064,0.0012643586420117681,0.6,0.30689102564102566,5.0,0.01,1000,1,7,0.05,0.5,1.0,"{'subsample': 0.6, 'scale_pos_weight': np.float64(0.30689102564102566), 'reg_lambda': 5, 'reg_alpha': 0.01, 'n_estimators': 1000, 'min_child_weight': 1, 'max_depth': 7, 'learning_rate': 0.05, 'gamma': 0.5, 'colsample_bytree': 1.0}",0.9105691056910569,0.9267326732673268,0.9012345679012346,0.92,0.9227642276422764,0.916260114900379,0.009209987516939366,50,0.9790922998470168,0.9795918367346939,0.9785714285714285,0.9796541200406917,0.9801728520589731,0.9794165074505609,0.0005437878537975705
2.398761034011841,0.0655617643872939,0.018796634674072266,0.001108038534652439,0.8,0.30689102564102566,2.0,0.0,500,1,8,0.01,0.3,0.7,"{'subsample': 0.8, 'scale_pos_weight': np.float64(0.30689102564102566), 'reg_lambda': 2, 'reg_alpha': 0, 'n_estimators': 500, 'min_child_weight': 1, 'max_depth': 8, 'learning_rate': 0.01, 'gamma': 0.3, 'colsample_bytree': 0.7}",0.9124236252545825,0.9309664694280079,0.9053497942386831,0.9126984126984127,0.9176954732510288,0.915826754974143,0.008530387860790122,51,0.9662576687116564,0.9673469387755103,0.9667519181585678,0.9678735339112697,0.966785896780787,0.9670031912675583,0.000555304892347845
0.8995161056518555,0.02558613092794713,0.016891002655029297,0.004274032042600973,0.9,1.0,1.5,1.0,300,3,3,0.01,0.0,1.0,"{'subsample': 0.9, 'scale_pos_weight': 1, 'reg_lambda': 1.5, 'reg_alpha': 1.0, 'n_estimators': 300, 'min_child_weight': 3, 'max_depth': 3, 'learning_rate': 0.01, 'gamma': 0, 'colsample_bytree': 1.0}",0.9104761904761904,0.9193245778611632,0.9236641221374046,0.9101123595505618,0.9122137404580153,0.915158198096667,0.005399277301753939,52,0.9235880398671097,0.9219858156028369,0.9244655581947744,0.9294566253574833,0.9224219489120151,0.924383597586844,0.0026822626401844306
1.8047653675079345,0.03477210352975591,0.01531214714050293,0.0012399859746804944,0.8,0.30689102564102566,1.0,0.1,700,3,3,0.1,0.3,0.5,"{'subsample': 0.8, 'scale_pos_weight': np.float64(0.30689102564102566), 'reg_lambda': 1, 'reg_alpha': 0.1, 'n_estimators': 700, 'min_child_weight': 3, 'max_depth': 3, 'learning_rate': 0.1, 'gamma': 0.3, 'colsample_bytree': 0.5}",0.8989690721649485,0.9243027888446215,0.8985507246376812,0.9193548387096774,0.9237113402061856,0.9129777529126228,0.011734699309729382,53,0.9785714285714285,0.9801121876593575,0.9765066394279878,0.9760326364099949,0.9817073170731707,0.9785860418283878,0.00214081701094826
1.3936475753784179,0.06017601582120651,0.01615729331970215,0.0007311505811801349,0.7,1.0,5.0,0.0,500,7,3,0.01,0.5,1.0,"{'subsample': 0.7, 'scale_pos_weight': 1, 'reg_lambda': 5, 'reg_alpha': 0, 'n_estimators': 500, 'min_child_weight': 7, 'max_depth': 3, 'learning_rate': 0.01, 'gamma': 0.5, 'colsample_bytree': 1.0}",0.9142857142857143,0.9207547169811321,0.9157088122605364,0.9035916824196597,0.908745247148289,0.9126172346190664,0.005916302483515476,54,0.9227836034318398,0.9235880398671097,0.9231503579952267,0.9295639674173455,0.9227854097584084,0.9243742756939861,0.0026116575081394605
0.5997084617614746,0.020763430456845023,0.019108104705810546,0.004383248394879775,0.6,0.30689102564102566,1.0,0.01,200,1,6,0.3,1.0,0.5,"{'subsample': 0.6, 'scale_pos_weight': np.float64(0.30689102564102566), 'reg_lambda': 1, 'reg_alpha': 0.01, 'n_estimators': 200, 'min_child_weight': 1, 'max_depth': 6, 'learning_rate': 0.3, 'gamma': 1.0, 'colsample_bytree': 0.5}",0.8921161825726142,0.9367588932806324,0.8945147679324894,0.9224652087475149,0.9161554192229039,0.912402094351231,0.01697104614414057,55,0.9696969696969697,0.9713114754098361,0.9734151329243353,0.9739928607853137,0.9760570555272542,0.9728946988687417,0.0022004262865953717
3.9602933883666993,0.0688928845002318,0.02213282585144043,0.005246718764558512,0.9,0.30689102564102566,2.0,1.0,1000,5,8,0.1,0.0,0.5,"{'subsample': 0.9, 'scale_pos_weight': np.float64(0.30689102564102566), 'reg_lambda': 2, 'reg_alpha': 1.0, 'n_estimators': 1000, 'min_child_weight': 5, 'max_depth': 8, 'learning_rate': 0.1, 'gamma': 0, 'colsample_bytree': 0.5}",0.9061224489795918,0.9264413518886679,0.8930817610062893,0.92,0.9139344262295082,0.9119159976208113,0.011564642146057545,56,0.9811320754716981,0.9842239185750636,0.9795709908069459,0.9816700610997964,0.9847870182555781,0.9822768128418164,0.0019540929437006564
3.263034439086914,0.08411052644183546,0.01660604476928711,0.0017835114954086635,0.8,0.30689102564102566,2.0,0.0,1000,5,7,0.3,0.1,1.0,"{'subsample': 0.8, 'scale_pos_weight': np.float64(0.30689102564102566), 'reg_lambda': 2, 'reg_alpha': 0, 'n_estimators': 1000, 'min_child_weight': 5, 'max_depth': 7, 'learning_rate': 0.3, 'gamma': 0.1, 'colsample_bytree': 1.0}",0.8947368421052632,0.9246031746031746,0.9049586776859504,0.9203187250996016,0.9139344262295082,0.9117103691446996,0.010760674815879289,57,0.9903894790085989,0.9898785425101214,0.9898785425101214,0.9898887765419616,0.9919273461150353,0.9903925373371678,0.0007921873062906805
0.9765139102935791,0.04130970844463729,0.017484378814697266,0.00406765502611731,0.8,1.0,2.0,1.0,300,7,3,0.01,0.5,0.7,"{'subsample': 0.8, 'scale_pos_weight': 1, 'reg_lambda': 2, 'reg_alpha': 1.0, 'n_estimators': 300, 'min_child_weight': 7, 'max_depth': 3, 'learning_rate': 0.01, 'gamma': 0.5, 'colsample_bytree': 0.7}",0.9128787878787878,0.9118198874296435,0.9163498098859315,0.9060150375939849,0.9090909090909091,0.9112308863758514,0.0034942942292304543,58,0.918918918918919,0.9189443920829407,0.9213270142180094,0.9226388229710489,0.9180018850141376,0.9199662066410111,0.0017317131013498506
1.332188367843628,0.017506812669784527,0.019007778167724608,0.0070851618391337854,1.0,0.30689102564102566,2.0,0.0,700,1,4,0.3,0.3,0.5,"{'subsample': 1.0, 'scale_pos_weight': np.float64(0.30689102564102566), 'reg_lambda': 2, 'reg_alpha': 0, 'n_estimators': 700, 'min_child_weight': 1, 'max_depth': 4, 'learning_rate': 0.3, 'gamma': 0.3, 'colsample_bytree': 0.5}",0.8964059196617337,0.9264413518886679,0.8966942148760331,0.9203187250996016,0.9161554192229039,0.9112031261497882,0.012403940509086192,59,0.9724208375893769,0.9718670076726342,0.970873786407767,0.9750127485976543,0.9735234215885947,0.9727395603712055,0.0014230859444937197
2.334764814376831,0.026861551347870587,0.016062355041503905,0.0010013396011654498,0.8,0.30689102564102566,5.0,1.0,1000,1,5,0.05,0.5,0.6,"{'subsample': 0.8, 'scale_pos_weight': np.float64(0.30689102564102566), 'reg_lambda': 5, 'reg_alpha': 1.0, 'n_estimators': 1000, 'min_child_weight': 1, 'max_depth': 5, 'learning_rate': 0.05, 'gamma': 0.5, 'colsample_bytree': 0.6}",0.8921161825726142,0.9386138613861386,0.8975409836065574,0.9138276553106213,0.9135802469135802,0.9111357859579023,0.016216227324020706,60,0.9543823680164019,0.9570990806945863,0.9558521560574949,0.9576746557878634,0.9590163934426229,0.9568049307997939,0.0015817776635890556
0.5859552383422851,0.0183025668964544,0.01885371208190918,0.0026621932024870174,0.9,0.30689102564102566,2.0,1.0,200,1,4,0.3,0.3,1.0,"{'subsample': 0.9, 'scale_pos_weight': np.float64(0.30689102564102566), 'reg_lambda': 2, 'reg_alpha': 1.0, 'n_estimators': 200, 'min_child_weight': 1, 'max_depth': 4, 'learning_rate': 0.3, 'gamma': 0.3, 'colsample_bytree': 1.0}",0.8921161825726142,0.9288537549407114,0.8833333333333333,0.9243027888446215,0.919917864476386,0.9097047848335332,0.018378814742984983,61,0.9692937563971341,0.9704383282364933,0.9702868852459017,0.968829841594277,0.9734964322120285,0.970469048737167,0.0016289561155794162
2.1121827602386474,0.02721055760369221,0.015993499755859376,0.0009168539345423457,0.6,0.30689102564102566,5.0,1.0,1000,1,8,0.1,1.0,0.5,"{'subsample': 0.6, 'scale_pos_weight': np.float64(0.30689102564102566), 'reg_lambda': 5, 'reg_alpha': 1.0, 'n_estimators': 1000, 'min_child_weight': 1, 'max_depth': 8, 'learning_rate': 0.1, 'gamma': 1.0, 'colsample_bytree': 0.5}",0.8851774530271399,0.9343936381709742,0.893970893970894,0.9109311740890689,0.9154639175257732,0.9079874153567701,0.017196567429056047,62,0.9444444444444444,0.9411764705882353,0.940629839958699,0.9428129829984544,0.9404517453798767,0.9419030966739419,0.0015193373769046888
1.4582629680633545,0.029883596992392993,0.018825483322143555,0.004992738017347049,0.7,0.30689102564102566,1.5,0.01,300,5,8,0.05,0.1,0.7,"{'subsample': 0.7, 'scale_pos_weight': np.float64(0.30689102564102566), 'reg_lambda': 1.5, 'reg_alpha': 0.01, 'n_estimators': 300, 'min_child_weight': 5, 'max_depth': 8, 'learning_rate': 0.05, 'gamma': 0.1, 'colsample_bytree': 0.7}",0.8861283643892339,0.9317269076305221,0.9045643153526971,0.9105691056910569,0.9037656903765691,0.9073508766880158,0.01466670648551519,63,0.9558067831449126,0.9537037037037037,0.9578189300411523,0.955407483341876,0.9547325102880658,0.9554938821039421,0.001363498842283557
1.7349875926971436,0.046946917617682146,0.017580461502075196,0.0016842894075897862,0.6,0.30689102564102566,1.0,0.01,500,3,4,0.05,0.0,0.6,"{'subsample': 0.6, 'scale_pos_weight': np.float64(0.30689102564102566), 'reg_lambda': 1, 'reg_alpha': 0.01, 'n_estimators': 500, 'min_child_weight': 3, 'max_depth': 4, 'learning_rate': 0.05, 'gamma': 0, 'colsample_bytree': 0.6}",0.8952772073921971,0.9282868525896414,0.8930041152263375,0.9109311740890689,0.9075975359342916,0.9070193770463073,0.012666870583202762,64,0.9667519181585678,0.968829841594277,0.9692622950819673,0.9714285714285714,0.9694189602446484,0.9691383173016064,0.0014919418922659624
0.776444959640503,0.06854756826820729,0.01595606803894043,0.0011485174724920732,0.6,0.30689102564102566,5.0,0.0,200,3,4,0.3,0.3,0.8,"{'subsample': 0.6, 'scale_pos_weight': np.float64(0.30689102564102566), 'reg_lambda': 5, 'reg_alpha': 0, 'n_estimators': 200, 'min_child_weight': 3, 'max_depth': 4, 'learning_rate': 0.3, 'gamma': 0.3, 'colsample_bytree': 0.8}",0.9046653144016227,0.9163346613545816,0.8870292887029289,0.9196787148594378,0.8989690721649485,0.9053354102967038,0.011855861732797755,65,0.9739397036280021,0.9702258726899384,0.9712820512820513,0.9708141321044547,0.9723076923076923,0.9717138904024278,0.0013051507155250983
0.6382949829101563,0.021382165039239228,0.016159629821777342,0.0016460458594104788,0.9,0.30689102564102566,1.5,0.0,200,5,8,0.1,1.0,0.5,"{'subsample': 0.9, 'scale_pos_weight': np.float64(0.30689102564102566), 'reg_lambda': 1.5, 'reg_alpha': 0, 'n_estimators': 200, 'min_child_weight': 5, 'max_depth': 8, 'learning_rate': 0.1, 'gamma': 1.0, 'colsample_bytree': 0.5}",0.8828451882845189,0.9341317365269461,0.8935281837160751,0.9109311740890689,0.8991596638655462,0.9041191892964312,0.01753000592604916,66,0.9453044375644994,0.9426948890036139,0.9474226804123711,0.9470437017994858,0.9458483754512635,0.9456628168462468,0.0016718508551907952
1.4049537658691407,0.03672732083385447,0.014432191848754883,0.0008707459879711208,0.7,0.30689102564102566,5.0,0.01,500,3,6,0.05,1.0,0.6,"{'subsample': 0.7, 'scale_pos_weight': np.float64(0.30689102564102566), 'reg_lambda': 5, 'reg_alpha': 0.01, 'n_estimators': 500, 'min_child_weight': 3, 'max_depth': 6, 'learning_rate': 0.05, 'gamma': 1.0, 'colsample_bytree': 0.6}",0.8728813559322034,0.936,0.899581589958159,0.9090909090909091,0.9026915113871635,0.904049073273687,0.020196582942700627,67,0.9441571871768356,0.9455852156057495,0.9459598558929491,0.94390118373649,0.9434156378600823,0.9446038160544212,0.000990648885631955
1.4584107398986816,0.05948650354963101,0.015459632873535157,0.002419659247742782,1.0,0.30689102564102566,1.0,0.1,700,5,6,0.2,0.3,0.7,"{'subsample': 1.0, 'scale_pos_weight': np.float64(0.30689102564102566), 'reg_lambda': 1, 'reg_alpha': 0.1, 'n_estimators': 700, 'min_child_weight': 5, 'max_depth': 6, 'learning_rate': 0.2, 'gamma': 0.3, 'colsample_bytree': 0.7}",0.8879668049792531,0.9261477045908184,0.8921161825726142,0.907258064516129,0.9049586776859504,0.9036894868689529,0.01341537351799746,68,0.9542886492039034,0.9575012800819253,0.9567901234567902,0.9600818833162743,0.9620512820512821,0.958142643622035,0.002688197757802274
0.7948415279388428,0.026122149974639023,0.016275548934936525,0.00197013333543583,0.9,0.30689102564102566,5.0,0.01,300,5,7,0.2,0.5,0.7,"{'subsample': 0.9, 'scale_pos_weight': np.float64(0.30689102564102566), 'reg_lambda': 5, 'reg_alpha': 0.01, 'n_estimators': 300, 'min_child_weight': 5, 'max_depth': 7, 'learning_rate': 0.2, 'gamma': 0.5, 'colsample_bytree': 0.7}",0.8902691511387164,0.9282868525896414,0.8879492600422833,0.9087221095334685,0.8981288981288982,0.9026712542866016,0.014723817454214682,69,0.9578622816032888,0.9584828293182983,0.9598765432098766,0.9547790339157246,0.9561629706034038,0.9574327317301184,0.0017840312775214298
0.6103347778320313,0.02375510114155313,0.016696453094482422,0.002041213309675725,0.8,0.30689102564102566,1.0,0.01,200,1,3,0.05,0.0,0.5,"{'subsample': 0.8, 'scale_pos_weight': np.float64(0.30689102564102566), 'reg_lambda': 1, 'reg_alpha': 0.01, 'n_estimators': 200, 'min_child_weight': 1, 'max_depth': 3, 'learning_rate': 0.05, 'gamma': 0, 'colsample_bytree': 0.5}",0.8728813559322034,0.9203187250996016,0.9034907597535934,0.9050505050505051,0.9087136929460581,0.9020910077563924,0.015748214681310522,70,0.9429305912596401,0.9420215495125706,0.941717791411043,0.9424460431654677,0.9458631256384066,0.9429958201974256,0.0014906717302788609
0.526198148727417,0.030906869212621788,0.015615606307983398,0.0016650085330291318,1.0,0.30689102564102566,1.5,0.1,200,5,8,0.3,0.5,1.0,"{'subsample': 1.0, 'scale_pos_weight': np.float64(0.30689102564102566), 'reg_lambda': 1.5, 'reg_alpha': 0.1, 'n_estimators': 200, 'min_child_weight': 5, 'max_depth': 8, 'learning_rate': 0.3, 'gamma': 0.5, 'colsample_bytree': 1.0}",0.869198312236287,0.9288537549407114,0.9008264462809917,0.9076305220883534,0.9018789144050104,0.9016775899902708,0.019129295870638753,71,0.9498708010335918,0.9511065362840968,0.951937984496124,0.9552699228791773,0.9552699228791773,0.9526910335144334,0.002206026575274828
1.714030885696411,0.021972574488832095,0.017981719970703126,0.004877225445914449,0.6,0.30689102564102566,5.0,1.0,500,7,5,0.3,0.0,0.5,"{'subsample': 0.6, 'scale_pos_weight': np.float64(0.30689102564102566), 'reg_lambda': 5, 'reg_alpha': 1.0, 'n_estimators': 500, 'min_child_weight': 7, 'max_depth': 5, 'learning_rate': 0.3, 'gamma': 0, 'colsample_bytree': 0.5}",0.8824742268041237,0.9221556886227545,0.8902691511387164,0.9020408163265307,0.9087136929460581,0.9011307151676367,0.01390264346164494,72,0.953464322647363,0.95562435500516,0.9566563467492261,0.9588900308324769,0.9550851832731028,0.9559440477014658,0.0017986147120473545
2.629891061782837,0.08657930253059569,0.016962242126464844,0.0014149526656576346,0.7,0.30689102564102566,1.5,1.0,700,7,6,0.05,0.1,0.7,"{'subsample': 0.7, 'scale_pos_weight': np.float64(0.30689102564102566), 'reg_lambda': 1.5, 'reg_alpha': 1.0, 'n_estimators': 700, 'min_child_weight': 7, 'max_depth': 6, 'learning_rate': 0.05, 'gamma': 0.1, 'colsample_bytree': 0.7}",0.8842975206611571,0.924,0.8907563025210085,0.8975409836065574,0.9083333333333333,0.9009856280244113,0.013990337333495894,73,0.9466597617814604,0.9461697722567288,0.9503619441571872,0.9457364341085271,0.9467149508535955,0.9471285726314997,0.0016554700744624209
2.276993656158447,0.03946110758296876,0.01582169532775879,0.001460287922999765,0.6,0.30689102564102566,1.0,0.1,700,7,7,0.2,0.3,0.7,"{'subsample': 0.6, 'scale_pos_weight': np.float64(0.30689102564102566), 'reg_lambda': 1, 'reg_alpha': 0.1, 'n_estimators': 700, 'min_child_weight': 7, 'max_depth': 7, 'learning_rate': 0.2, 'gamma': 0.3, 'colsample_bytree': 0.7}",0.8729508196721312,0.9112903225806451,0.891213389121339,0.9134808853118712,0.9117043121149897,0.9001279457601953,0.015842836939177,74,0.9692622950819673,0.9697280656747049,0.9696345856922285,0.9683026584867076,0.9723076923076923,0.9698470594486601,0.0013297475232685936
0.9619540691375732,0.02137597647983239,0.016648578643798827,0.002291517143801036,0.7,0.30689102564102566,1.0,0.1,300,7,3,0.2,0.5,0.7,"{'subsample': 0.7, 'scale_pos_weight': np.float64(0.30689102564102566), 'reg_lambda': 1, 'reg_alpha': 0.1, 'n_estimators': 300, 'min_child_weight': 7, 'max_depth': 3, 'learning_rate': 0.2, 'gamma': 0.5, 'colsample_bytree': 0.7}",0.8755186721991701,0.9261477045908184,0.88,0.9087221095334685,0.9083333333333333,0.899744363931358,0.01912187624905415,75,0.9568788501026694,0.9557157569515963,0.9565217391304348,0.9599589322381931,0.9571944301186178,0.9572539417083024,0.001439676496267154
1.7462503433227539,0.06499657193823953,0.017112159729003908,0.003787813521467942,0.6,0.30689102564102566,1.5,0.01,500,7,5,0.3,0.1,0.7,"{'subsample': 0.6, 'scale_pos_weight': np.float64(0.30689102564102566), 'reg_lambda': 1.5, 'reg_alpha': 0.01, 'n_estimators': 500, 'min_child_weight': 7, 'max_depth': 5, 'learning_rate': 0.3, 'gamma': 0.1, 'colsample_bytree': 0.7}",0.889795918367347,0.916,0.8861283643892339,0.9046653144016227,0.9004149377593361,0.899400906983508,0.010702227114781157,76,0.9681724845995893,0.9681724845995893,0.9675759135357694,0.9676425269645609,0.971252566735113,0.9685631952869244,0.0013682385672604653
0.4717708110809326,0.013366117678417907,0.015673446655273437,0.0009472520158791095,0.6,0.30689102564102566,2.0,0.0,100,5,5,0.1,0.1,0.7,"{'subsample': 0.6, 'scale_pos_weight': np.float64(0.30689102564102566), 'reg_lambda': 2, 'reg_alpha': 0, 'n_estimators': 100, 'min_child_weight': 5, 'max_depth': 5, 'learning_rate': 0.1, 'gamma': 0.1, 'colsample_bytree': 0.7}",0.875,0.9109311740890689,0.9008264462809917,0.9024390243902439,0.9041666666666667,0.8986726622853942,0.012326186794504921,77,0.931052358735096,0.928978745463971,0.9344346928239545,0.9336078229541945,0.9327817993795243,0.9321710838713481,0.0019495480785106517
1.8408698558807373,0.024874816535127447,0.018488454818725585,0.004246036265191771,0.9,0.30689102564102566,2.0,0.01,500,3,5,0.01,0.1,1.0,"{'subsample': 0.9, 'scale_pos_weight': np.float64(0.30689102564102566), 'reg_lambda': 2, 'reg_alpha': 0.01, 'n_estimators': 500, 'min_child_weight': 3, 'max_depth': 5, 'learning_rate': 0.01, 'gamma': 0.1, 'colsample_bytree': 1.0}",0.8697478991596639,0.9206349206349206,0.8981288981288982,0.9018036072144289,0.9022869022869023,0.8985204454849628,0.016383089393117046,78,0.9398457583547558,0.9387545033453423,0.9446153846153846,0.9447852760736196,0.9428571428571428,0.942171613049249,0.0024641202802767426
1.1219495773315429,0.02836221856582863,0.017803001403808593,0.004758387956009868,0.7,0.30689102564102566,1.0,1.0,300,7,4,0.2,0.1,0.8,"{'subsample': 0.7, 'scale_pos_weight': np.float64(0.30689102564102566), 'reg_lambda': 1, 'reg_alpha': 1.0, 'n_estimators': 300, 'min_child_weight': 7, 'max_depth': 4, 'learning_rate': 0.2, 'gamma': 0.1, 'colsample_bytree': 0.8}",0.8770491803278688,0.9149797570850202,0.8742004264392325,0.9083503054989817,0.9151138716356108,0.8979387081973428,0.018404691467839854,79,0.9551315110881898,0.9576446280991735,0.9587203302373581,0.9594247560349255,0.9584402257567983,0.9578722902432892,0.001484289260362467
1.414204740524292,0.042364226531980645,0.0173675537109375,0.002751013945133454,0.7,0.30689102564102566,5.0,1.0,500,5,8,0.1,0.5,0.6,"{'subsample': 0.7, 'scale_pos_weight': np.float64(0.30689102564102566), 'reg_lambda': 5, 'reg_alpha': 1.0, 'n_estimators': 500, 'min_child_weight': 5, 'max_depth': 8, 'learning_rate': 0.1, 'gamma': 0.5, 'colsample_bytree': 0.6}",0.8684759916492694,0.9252525252525252,0.8875,0.9020408163265307,0.906054279749478,0.8978647225955607,0.019003817094049226,80,0.9380530973451328,0.9385647909137842,0.9398340248962656,0.9437854564208354,0.9419689119170984,0.9404412562986233,0.00214990984228214
0.8071020126342774,0.06101490546395264,0.021201324462890626,0.0072061497579942345,0.6,0.30689102564102566,1.0,0.1,200,7,8,0.1,0.0,0.7,"{'subsample': 0.6, 'scale_pos_weight': np.float64(0.30689102564102566), 'reg_lambda': 1, 'reg_alpha': 0.1, 'n_estimators': 200, 'min_child_weight': 7, 'max_depth': 8, 'learning_rate': 0.1, 'gamma': 0, 'colsample_bytree': 0.7}",0.8865979381443299,0.9105691056910569,0.8776371308016878,0.9038854805725971,0.8977035490605428,0.895278640854043,0.011834979181600265,81,0.9273392577104025,0.9322296947749612,0.9369183040330921,0.931735278791037,0.931948051948052,0.932034117451509,0.0030342033174362427
2.7558550357818605,0.17049109850032645,0.01702880859375,0.003991916278223004,0.6,0.30689102564102566,2.0,1.0,700,5,8,0.01,0.5,0.8,"{'subsample': 0.6, 'scale_pos_weight': np.float64(0.30689102564102566), 'reg_lambda': 2, 'reg_alpha': 1.0, 'n_estimators': 700, 'min_child_weight': 5, 'max_depth': 8, 'learning_rate': 0.01, 'gamma': 0.5, 'colsample_bytree': 0.8}",0.8773388773388774,0.9258517034068137,0.8888888888888888,0.8920570264765784,0.8921161825726142,0.8952505357367546,0.01623423660726098,82,0.9222743870631195,0.9138110072689511,0.9212435233160622,0.9203722854188211,0.9206842923794712,0.919677099089285,0.003003609338060379
0.451855993270874,0.004786458950670021,0.01532444953918457,0.0016262756317297474,0.6,0.30689102564102566,1.0,0.1,100,7,4,0.3,0.3,0.5,"{'subsample': 0.6, 'scale_pos_weight': np.float64(0.30689102564102566), 'reg_lambda': 1, 'reg_alpha': 0.1, 'n_estimators': 100, 'min_child_weight': 7, 'max_depth': 4, 'learning_rate': 0.3, 'gamma': 0.3, 'colsample_bytree': 0.5}",0.891170431211499,0.9124236252545825,0.8813559322033898,0.9054325955734407,0.8837209302325582,0.894820702895094,0.012168028830629382,83,0.9361038961038961,0.9253263707571802,0.9302325581395349,0.9358841778697001,0.9309090909090909,0.9316912187558805,0.004007576133196084
0.7158156871795655,0.02715828325908432,0.018139410018920898,0.004299924063123315,1.0,0.30689102564102566,1.0,1.0,300,7,8,0.3,0.1,0.6,"{'subsample': 1.0, 'scale_pos_weight': np.float64(0.30689102564102566), 'reg_lambda': 1, 'reg_alpha': 1.0, 'n_estimators': 300, 'min_child_weight': 7, 'max_depth': 8, 'learning_rate': 0.3, 'gamma': 0.1, 'colsample_bytree': 0.6}",0.8631578947368421,0.9146341463414634,0.8907563025210085,0.896551724137931,0.9064449064449065,0.8943089948364303,0.01759792390649379,84,0.943064182194617,0.9404453650958052,0.9495365602471678,0.9477459016393442,0.945792462570986,0.9453168943495841,0.003247717079971909
1.158209991455078,0.014056589851816277,0.016581249237060548,0.002661176810719742,1.0,0.30689102564102566,1.0,0.1,500,7,8,0.05,1.0,0.8,"{'subsample': 1.0, 'scale_pos_weight': np.float64(0.30689102564102566), 'reg_lambda': 1, 'reg_alpha': 0.1, 'n_estimators': 500, 'min_child_weight': 7, 'max_depth': 8, 'learning_rate': 0.05, 'gamma': 1.0, 'colsample_bytree': 0.8}",0.8668076109936576,0.9196787148594378,0.8884297520661157,0.8943089430894309,0.890295358649789,0.8919040759316863,0.016862416218413178,85,0.9352667011910927,0.9253112033195021,0.9381443298969072,0.9264248704663213,0.9263485477178424,0.9302991305183331,0.005323914440210821
0.40424447059631347,0.025386370284267455,0.015291690826416016,0.00048064965576849266,1.0,0.30689102564102566,5.0,0.0,100,1,4,0.01,0.0,0.6,"{'subsample': 1.0, 'scale_pos_weight': np.float64(0.30689102564102566), 'reg_lambda': 5, 'reg_alpha': 0, 'n_estimators': 100, 'min_child_weight': 1, 'max_depth': 4, 'learning_rate': 0.01, 'gamma': 0, 'colsample_bytree': 0.6}",0.8770491803278688,0.9098196392785571,0.8870636550308009,0.8857715430861723,0.896969696969697,0.8913347429386193,0.011195649005313236,86,0.9161616161616162,0.9164989939637826,0.9108312342569269,0.9080694586312564,0.9103655483224837,0.9123853702672131,0.003355712909300775
0.38373627662658694,0.029970860726144667,0.015984344482421874,0.001267539718445984,1.0,0.30689102564102566,1.0,0.01,100,1,3,0.05,0.3,1.0,"{'subsample': 1.0, 'scale_pos_weight': np.float64(0.30689102564102566), 'reg_lambda': 1, 'reg_alpha': 0.01, 'n_estimators': 100, 'min_child_weight': 1, 'max_depth': 3, 'learning_rate': 0.05, 'gamma': 0.3, 'colsample_bytree': 1.0}",0.8595744680851064,0.9043824701195219,0.8884297520661157,0.9025844930417495,0.893970893970894,0.8897884154566775,0.01617991187595331,87,0.923472008217771,0.926605504587156,0.9219785823559409,0.9255102040816326,0.9242501270971022,0.9243632852679206,0.0016023081957569755
0.7716107368469238,0.02579243095896506,0.01475696563720703,0.0010043898212658729,0.6,0.30689102564102566,2.0,0.1,200,3,5,0.01,0.5,1.0,"{'subsample': 0.6, 'scale_pos_weight': np.float64(0.30689102564102566), 'reg_lambda': 2, 'reg_alpha': 0.1, 'n_estimators': 200, 'min_child_weight': 3, 'max_depth': 5, 'learning_rate': 0.01, 'gamma': 0.5, 'colsample_bytree': 1.0}",0.8708333333333333,0.9116465863453815,0.8842975206611571,0.8902195608782435,0.8884297520661157,0.8890853506568461,0.01316651093173559,88,0.9150797735460627,0.9178152118427769,0.9122272957889396,0.9138194798572157,0.9138194798572157,0.914552248178442,0.0018657179490422508
0.6531439781188965,0.02301760025432405,0.017998218536376953,0.002553015352686977,0.9,0.30689102564102566,2.0,0.0,200,7,3,0.05,0.3,0.5,"{'subsample': 0.9, 'scale_pos_weight': np.float64(0.30689102564102566), 'reg_lambda': 2, 'reg_alpha': 0, 'n_estimators': 200, 'min_child_weight': 7, 'max_depth': 3, 'learning_rate': 0.05, 'gamma': 0.3, 'colsample_bytree': 0.5}",0.8547008547008547,0.9178356713426854,0.8921161825726142,0.8983739837398373,0.8801652892561983,0.8886383963224379,0.020894534227133967,89,0.9197080291970803,0.91701244813278,0.9235537190082644,0.9216494845360824,0.9249743062692704,0.9213795974286955,0.0028138126685246165
1.0173909664154053,0.05359438450773615,0.016111278533935548,0.0019849919385722596,0.6,0.30689102564102566,5.0,0.01,200,3,8,0.01,0.5,1.0,"{'subsample': 0.6, 'scale_pos_weight': np.float64(0.30689102564102566), 'reg_lambda': 5, 'reg_alpha': 0.01, 'n_estimators': 200, 'min_child_weight': 3, 'max_depth': 8, 'learning_rate': 0.01, 'gamma': 0.5, 'colsample_bytree': 1.0}",0.8755186721991701,0.916,0.8819875776397516,0.8790322580645161,0.8884297520661157,0.8881936519939106,0.014535132218840152,90,0.9077720207253887,0.9131997945557268,0.908256880733945,0.9083461341525858,0.9112244897959184,0.9097598639927129,0.0021065309214070914
0.4347884178161621,0.01856076543532149,0.013669824600219727,0.0010095242057702204,0.6,0.30689102564102566,5.0,0.0,100,7,6,0.2,1.0,0.8,"{'subsample': 0.6, 'scale_pos_weight': np.float64(0.30689102564102566), 'reg_lambda': 5, 'reg_alpha': 0, 'n_estimators': 100, 'min_child_weight': 7, 'max_depth': 6, 'learning_rate': 0.2, 'gamma': 1.0, 'colsample_bytree': 0.8}",0.8613445378151261,0.9105691056910569,0.8865546218487395,0.889795918367347,0.891213389121339,0.8878955145687216,0.015719185223058135,91,0.9160545645330536,0.9140461215932913,0.9174406604747162,0.9216398546964193,0.9129533678756476,0.9164269138346256,0.0030356143334344713
0.9770942687988281,0.0400957127454596,0.019377946853637695,0.004242591510369568,0.6,0.30689102564102566,1.5,1.0,200,7,8,0.05,0.0,0.8,"{'subsample': 0.6, 'scale_pos_weight': np.float64(0.30689102564102566), 'reg_lambda': 1.5, 'reg_alpha': 1.0, 'n_estimators': 200, 'min_child_weight': 7, 'max_depth': 8, 'learning_rate': 0.05, 'gamma': 0, 'colsample_bytree': 0.8}",0.8679245283018868,0.9131313131313131,0.8860759493670886,0.889344262295082,0.8828451882845189,0.8878642482759778,0.014605453890454947,92,0.9150943396226415,0.9107981220657277,0.9139004149377593,0.9115504682622269,0.9177444386963269,0.9138175567169364,0.0025025633988979283
0.695201301574707,0.047442300125471085,0.014144802093505859,0.001045164035460338,0.6,0.30689102564102566,5.0,0.01,200,7,7,0.3,1.0,0.8,"{'subsample': 0.6, 'scale_pos_weight': np.float64(0.30689102564102566), 'reg_lambda': 5, 'reg_alpha': 0.01, 'n_estimators': 200, 'min_child_weight': 7, 'max_depth': 7, 'learning_rate': 0.3, 'gamma': 1.0, 'colsample_bytree': 0.8}",0.8637316561844863,0.9057377049180327,0.8776371308016878,0.9016393442622951,0.888421052631579,0.8874333777596162,0.015463320721862977,93,0.9278996865203761,0.9243609806990088,0.9250780437044746,0.934094447327452,0.9262166405023547,0.9275299597507333,0.0034930881181388807
1.107358694076538,0.0795946603693281,0.015587186813354493,0.0012932193801445916,0.8,0.30689102564102566,5.0,0.01,300,5,5,0.01,1.0,0.6,"{'subsample': 0.8, 'scale_pos_weight': np.float64(0.30689102564102566), 'reg_lambda': 5, 'reg_alpha': 0.01, 'n_estimators': 300, 'min_child_weight': 5, 'max_depth': 5, 'learning_rate': 0.01, 'gamma': 1.0, 'colsample_bytree': 0.6}",0.8778467908902692,0.9116465863453815,0.8829568788501027,0.8767676767676768,0.8838174273858921,0.8866070720478645,0.012819044655640443,94,0.9098402885110768,0.9079627714581179,0.9117797042325344,0.9091841970241149,0.9107598164201938,0.9099053555292077,0.0013069982903933144
0.46095662117004393,0.03602773340897825,0.014229726791381837,0.00022487942699247717,0.7,0.30689102564102566,5.0,1.0,100,7,7,0.05,0.3,0.5,"{'subsample': 0.7, 'scale_pos_weight': np.float64(0.30689102564102566), 'reg_lambda': 5, 'reg_alpha': 1.0, 'n_estimators': 100, 'min_child_weight': 7, 'max_depth': 7, 'learning_rate': 0.05, 'gamma': 0.3, 'colsample_bytree': 0.5}",0.8631578947368421,0.9094567404426559,0.8810020876826722,0.8762677484787018,0.8879668049792531,0.883570255264025,0.01527105966637054,95,0.9062661833247022,0.8999481596682218,0.9061056952283222,0.9015544041450777,0.9014373716632443,0.9030623628059138,0.0026130110933268924
1.4855435848236085,0.031615293113187844,0.01621222496032715,0.001398757244165658,0.8,0.30689102564102566,2.0,1.0,500,7,3,0.01,1.0,1.0,"{'subsample': 0.8, 'scale_pos_weight': np.float64(0.30689102564102566), 'reg_lambda': 2, 'reg_alpha': 1.0, 'n_estimators': 500, 'min_child_weight': 7, 'max_depth': 3, 'learning_rate': 0.01, 'gamma': 1.0, 'colsample_bytree': 1.0}",0.8631578947368421,0.9090909090909091,0.8801652892561983,0.8830645161290323,0.8814968814968815,0.8833950981419726,0.014723880455380737,96,0.8995859213250518,0.8995859213250518,0.9012787723785166,0.9012919896640826,0.9032258064516129,0.9009936822288631,0.001350275808101618
0.886996841430664,0.03426098490662907,0.015455532073974609,0.0022121073035753377,0.6,0.30689102564102566,2.0,0.0,200,5,6,0.01,0.3,0.7,"{'subsample': 0.6, 'scale_pos_weight': np.float64(0.30689102564102566), 'reg_lambda': 2, 'reg_alpha': 0, 'n_estimators': 200, 'min_child_weight': 5, 'max_depth': 6, 'learning_rate': 0.01, 'gamma': 0.3, 'colsample_bytree': 0.7}",0.8778467908902692,0.9116465863453815,0.8695652173913043,0.875,0.8819875776397516,0.8832092344533413,0.014781623462043201,97,0.9028925619834711,0.9046632124352332,0.9081632653061225,0.9017994858611825,0.9022017409114184,0.9039440532994856,0.002326344590217626
0.8711803913116455,0.020404667983034985,0.020206737518310546,0.004094493795603409,1.0,0.30689102564102566,2.0,0.0,200,7,5,0.01,0.5,0.7,"{'subsample': 1.0, 'scale_pos_weight': np.float64(0.30689102564102566), 'reg_lambda': 2, 'reg_alpha': 0, 'n_estimators': 200, 'min_child_weight': 7, 'max_depth': 5, 'learning_rate': 0.01, 'gamma': 0.5, 'colsample_bytree': 0.7}",0.8679245283018868,0.9134808853118712,0.8760330578512396,0.8739837398373984,0.8838174273858921,0.8830479277376575,0.01604270643458247,98,0.906832298136646,0.9064449064449065,0.9012787723785166,0.9028277634961439,0.9134664618535586,0.9061700404619544,0.004215381843685727
0.5332851886749268,0.028496384333331445,0.01609196662902832,0.003104622298561943,0.7,0.30689102564102566,1.0,0.0,100,5,6,0.01,0.5,1.0,"{'subsample': 0.7, 'scale_pos_weight': np.float64(0.30689102564102566), 'reg_lambda': 1, 'reg_alpha': 0, 'n_estimators': 100, 'min_child_weight': 5, 'max_depth': 6, 'learning_rate': 0.01, 'gamma': 0.5, 'colsample_bytree': 1.0}",0.8649789029535865,0.905811623246493,0.8672199170124482,0.8744939271255061,0.875,0.8775008740676068,0.014692123458743588,99,0.8966597077244259,0.9050337311883757,0.9008731381612738,0.9011328527291452,0.9066666666666666,0.9020732192939775,0.00350699247097944
1.8523396492004394,0.01831789150904443,0.01722402572631836,0.0015938058315182366,0.6,0.30689102564102566,5.0,1.0,500,7,5,0.01,1.0,1.0,"{'subsample': 0.6, 'scale_pos_weight': np.float64(0.30689102564102566), 'reg_lambda': 5, 'reg_alpha': 1.0, 'n_estimators': 500, 'min_child_weight': 7, 'max_depth': 5, 'learning_rate': 0.01, 'gamma': 1.0, 'colsample_bytree': 1.0}",0.8461538461538461,0.9068825910931174,0.8679245283018868,0.8716904276985743,0.8773388773388774,0.8739980541172605,0.019545161265861644,100,0.8965158606344253,0.894681960375391,0.8972638100154878,0.8952282157676349,0.8963039014373717,0.8959987496460622,0.0009261269426461474
